위도,경도,name,addr:full,발전원,용량KW,허가일,start_date,source:date
36.216926,128.135167,지디김천,"경상북도 김천시 감문면 도명리 산10,2필지",태양광,200,2008-06-27,2009-09-10,2019-11-28
36.126964,128.092357,대전사,경상북도 김천시 부곡동902-4  (옥상),태양광,3,2008-07-03,2008-09-30,2019-11-28
35.909509,127.956481,신생에너지,경상북도 김천시 대덕면 화전리 244-2,태양광,836,2009-02-23,2010-06-21,2019-11-28
36.046954,128.113563,제너럴쏠라,경상북도 김천시 조마면 장암리 88-8(지붕),태양광,100,2011-12-05,2013-10-29,2019-11-28
36.05413,128.10794,행북,경상북도 김천시 조마면 장암리 88-9(지붕),태양광,100,2011-12-05,2012-03-08,2019-11-28
36.046893,128.113509,사랑,경상북도 김천시 조마면 장암리 88-8(지붕),태양광,100,2011-12-05,2012-03-08,2019-11-28
36.046911,128.113574,솔라리온,"경상북도 김천시 조마면 장암리 88-8, 88-9(지붕)",태양광,100,2011-12-05,2012-03-08,2019-11-28
36.168099,128.011389,일신테크,경상북도 김천시 봉산면 신암리 662-2(옥상 제2동),태양광,22,2012-02-03,2012-04-19,2019-11-28
36.085363,128.236616,한상현,"경상북도 김천시 남면 송곡리 342, 343 (지붕)",태양광,18,2012-04-10,2012-07-13,2019-11-28
36.147262,128.136402,한국특수소재㈜,경상북도 김천시 대광동 1346(지붕),태양광,28.5,2012-05-14,2012-07-03,2019-11-28
36.17371,128.147083,청우햇빛,경상북도 김천시 어모면 다남리 471(지붕),태양광,30,2012-08-16,2012-10-05,2019-11-28
36.172529,128.133673,김천,경상북도 김천시 어모면 남산리 83(지붕),태양광,30,2012-08-16,2013-01-11,2019-11-28
36.136043,128.141239,김천시 하수처리장,"경상북도 김천시 대광동 850,산52,산72-3(지붕)",태양광,2508,2012-10-05,2013-03-26,2019-11-28
36.168116,128.011454,일신테크 제2,경상북도 김천시 봉산면 신암리 662-2(제1동 지붕),태양광,99,2012-11-16,2013-10-21,2019-11-28
36.205741,128.006042,대한송유관공사추풍령가압소,"경상북도 김천시 봉산면 광천리 583-1, 600",태양광,225,2013-03-26,2013-11-30,2019-11-28
36.147694,128.141476,진명,경상북도 김천시 대광동 627 외6필지(지붕),태양광,298.08,2013-08-20,2014-01-03,2019-11-28
36.128993,128.043843,양지,"경상북도 김천시 대항면 덕전리 1105-4,1105-8, 1105-12, 1033(토지)",태양광,99.2,2013-08-20,2016-06-22,2019-11-28
35.976788,128.027036,㈜재영,경상북도 김천시 지례면 도곡리 55-4(지붕),태양광,355.68,2013-09-12,2013-12-30,2019-11-28
36.152171,128.019555,에스티,"경상북도 김천시 봉산면 태화리 656-1,659-1(지붕)",태양광,216,2013-09-16,2014-04-08,2019-11-28
36.124909,128.082154,삼성,"경상북도 김천시 백옥동 174, 178-1(지붕)",태양광,99,2013-12-19,2014-04-28,2019-11-28
36.055948,128.107946,예동,"경상북도 김천시 조마면 장암리 97-1,99,100,101(지붕)",태양광,90,2014-02-10,2014-05-07,2019-11-28
36.0161,127.991761,임천제1호,"경상북도 김천시 구성면 임천리 171, 174-4, 602-1, 603-1(토지)",태양광,99,2014-02-10,2014-03-20,2019-11-28
36.0161,127.991761,임천제2호,"경상북도 김천시 구성면 임천리 171, 174-4, 602-1, 603-1(토지)",태양광,99,2014-02-10,2014-03-20,2019-11-28
36.0161,127.991761,임천제3호,"경상북도 김천시 구성면 임천리 171, 174-4, 602-1, 603-1(토지)",태양광,99,2014-02-10,2014-03-20,2019-11-28
36.0161,127.991761,임천제4호,"경상북도 김천시 구성면 임천리 171, 174-4, 602-1, 603-1(토지/지붕)",태양광,99,2014-02-10,2014-03-20,2019-11-28
36.129004,128.042539,풍림,"경상북도 김천시 대항면 덕전리 1105-4, 1105-16, 1105-17, 1105-18, 1087, 1088(토지)",태양광,99,2014-02-10,2016-02-22,2019-11-28
35.978428,128.017791,삼도,"경상북도 김천시 지례면 도곡리 493-1, 493-2, 493-5, 494, 495(지붕)",태양광,225,2014-03-14,2014-06-23,2019-11-28
36.173168,128.19759,양천,경상북도 김천시 개령면 양천리 316-1(지붕),태양광,50,2014-03-31,2014-06-26,2019-11-28
36.14226,128.066706,수성,경상북도 김천시 봉산면 신리 442(지붕),태양광,57.24,2014-04-10,2014-05-22,2019-11-28
36.125009,128.082247,태광,경상북도 김천시 영남대로 1334(지붕),태양광,50,2014-06-05,2014-11-10,2019-11-28
36.159222,128.191616,대신리태양광발전소1호,경상북도 김천시 아포읍 아포대로 595-93(지붕),태양광,99,2014-07-14,2014-10-01,2019-11-28
36.037593,128.124212,용호농장제1,경상북도 김천시 감천면 용호리 961-66(지붕),태양광,99,2014-08-11,2015-08-06,2019-11-28
36.037508,128.125579,용호농장제2,경상북도 김천시 감천면 용호리 727(지붕),태양광,99,2014-08-11,2015-08-06,2019-11-28
36.004667,128.134898,엠에스,경상북도 김천시 조마면 대방리 475-1(지붕),태양광,99,2014-08-20,2015-01-14,2019-11-28
36.004667,128.134898,와이디,경상북도 김천시 조마면 대방리 475-1(지붕),태양광,99,2014-08-20,2015-01-14,2019-11-28
36.004667,128.134898,해맞이,경상북도 김천시 조마면 대방리 475-1(지붕),태양광,72.8,2014-08-20,2015-01-14,2019-11-28
36.004598,128.135016,박대감제1호,경상북도 김천시 조마면 대방리 475(지붕),태양광,99,2014-08-20,2015-01-14,2019-11-28
36.004598,128.135016,박대감제2호,경상북도 김천시 조마면 대방리 475(지붕),태양광,99,2014-08-20,2015-01-14,2019-11-28
36.129004,128.042582,유진1호,"경상북도 김천시 대항면 덕전리 1105-4, 1105-8, 1105-12, 1033 (토지)",태양광,104.16,2014-08-25,2016-06-22,2019-11-28
36.129004,128.042582,유진2호,"경상북도 김천시 대항면 덕전리 1105-4, 1105-8, 1105-12, 1033 (토지)",태양광,99.2,2014-08-25,2016-06-22,2019-11-28
36.129004,128.042582,유진3호,"경상북도 김천시 대항면 덕전리 1105-4, 1105-8, 1105-12, 1033 (토지)",태양광,99.2,2014-08-25,2016-06-22,2019-11-28
36.205111,128.153863,양지솔라,"경상북도 김천시 김천시 감문면 금라리 산74-1, 은림리 산7 (토지)",태양광,494,2014-08-25,2015-11-13,2019-11-28
36.192765,128.161264,동영,경상북도 김천시 감문면 구야리 50(토지),태양광,96,2014-08-28,2015-10-26,2019-11-28
36.14898,128.044116,응명,경상북도 김천시 봉산면 봉산1리 299-5(지붕),태양광,99.11,2014-08-28,2014-11-14,2019-11-28
36.055917,128.107152,진일,경상북도 김천시 조마면 장암리 183(토지),태양광,99,2014-09-11,2016-04-29,2019-11-28
36.054933,128.108233,S.E.M solar,경상북도 김천시 조마면 장암리 88-9 (지붕),태양광,99,2014-09-17,2015-12-28,2019-11-28
36.059925,128.088596,광명,경상북도 김천시 구성면 광명리 산26 (토지),태양광,502.2,2014-09-24,2016-12-.2,2019-11-28
36.038997,128.129247,광화,경상북도 김천시 감천면 용호리 619외 8필지 (토지),태양광,99,2014-10-15,2015-02-27,2019-11-28
36.038997,128.129247,광금,경상북도 김천시 감천면 용호리 619외 8필지 (토지),태양광,99,2014-10-15,2015-02-27,2019-11-28
36.038997,128.129247,광명,경상북도 김천시 감천면 용호리 619외 8필지 (토지),태양광,99,2014-10-15,2015-02-27,2019-11-28
36.038997,128.129247,광토,경상북도 김천시 감천면 용호리 619외 8필지 (토지),태양광,99,2014-10-15,2015-02-27,2019-11-28
36.038997,128.129247,광월,경상북도 김천시 감천면 용호리 619외 8필지 (토지),태양광,99,2014-10-15,2015-02-27,2019-11-28
36.038997,128.129247,광일,경상북도 김천시 감천면 용호리 619외 8필지 (토지),태양광,99,2014-10-15,2015-02-27,2019-11-28
36.148724,128.167301,개령1호기,경상북도 김천시 개령면 황계리 174 나동 (지붕),태양광,80.08,2014-11-17,2015-01-16,2019-11-28
36.174521,128.147033,자옥농원,경상북도 김천시 어모면 다남리 449 (지붕),태양광,30,2014-11-17,2015-02-26,2019-11-28
36.141776,128.16113,황계,경상북도 김천시 개령면 환경로 338-36 (지붕),태양광,48,2014-11-18,2015-04-09,2019-11-28
36.061596,128.17517,봉곡1호,경상북도 김천시 농소면 봉곡리 894 (지붕),태양광,20,2014-11-21,2015-02-11,2019-11-28
36.141212,128.064584,신세계,"경상북도 김천시 봉산면 신리 425-2, 425-4 (지붕)",태양광,97.65,2014-11-24,2015-04-20,2019-11-28
36.033618,128.085047,핼리오그린솔라11호,경상북도 김천시 조마면 강곡리 산52 (임야),태양광,1500,2014-11-24,2017-04-25,2019-11-28
36.031063,128.081602,핼리오그린솔라12호,경상북도 김천시 조마면 강곡리 산54 ,태양광,1497.6,2014-11-24,2017-04-25,2019-11-28
36.179666,128.257882,황소,경상북도 김천시 아포읍 인리 300-1 (지붕),태양광,99,2014-11-24,2015-01-08,2019-11-28
36.048742,128.135885,무안,경상북도 김천시 감천면 무안리 1054-1 외2필지(토지),태양광,99.45,2014-12-19,2015-02-27,2019-11-28
35.980492,127.942132,(주)대웅,경상북도 김천시 부항면 월곡리 산113(토지),태양광,96.48,2014-12-30,2018-01-15,2019-11-28
36.172597,128.237133,해찬,경상북도 김천시 아포읍 의리 592 (토지),태양광,99.96,2015-01-12,2016-01-11,2019-11-28
36.169239,128.195357,양천,"경상북도 김천시 개령면 양천리 406-2,406-4(지붕)",태양광,99,2015-02-09,2015-03-11,2019-11-28
36.170604,128.116289,핼리오그린솔라 16호,경상북도 김천시 어모면 남산리 산23-1(토지),태양광,996,2015-03-06,2017-04-25,2019-11-28
36.03657,128.129367,핼리오그린솔라 17호,"경상북도 김천시 감천면 용호리 604,605,607,610-3,612",태양광,636.12,2015-03-06,2016-10-27,2019-11-28
36.00395,128.136411,상원1호,경상북도 김천시 조마면 대방리 200(토지),태양광,97.6,2015-03-16,2016-05-23,2019-11-28
36.00395,128.136411,상원2호,경상북도 김천시 조마면 대방리 200(토지),태양광,97.6,2015-03-16,2016-05-23,2019-11-28
35.997109,127.924809,하대리,"경상북도 김천시 부항면 하대리 523-1,527-1(토지)",태양광,98.175,2015-04-21,2016-07-04,2019-11-28
36.206728,128.144905,김천1,"경상북도 김천시 감문면 은림리 산24,남곡리 산101(토지)",태양광,99.75,2015-05-15,2016-01-11,2019-11-28
36.007158,127.937912,파천1리,경상북도 김천시 부항면 파천리 239-7(토지),태양광,44.8,2015-05-15,2016-06-01,2019-11-28
36.039718,128.131876,그린,경상북도 김천시 감천면 용호리 254(토지),태양광,99.4,2015-06-10,2019-02-18,2019-11-28
36.130504,128.188267,도로공사 본사,경상북도 김천시 김천시 혁신8로 77(율곡동 6-930)건물+토지,태양광,452.6,2015-06-10,2016-07-05,2019-11-28
36.067463,128.110119,신우,"경상북도 김천시 조마면 신안리 493,498,499(지붕)",태양광,200,2015-06-16,2015-11-02,2019-11-28
36.031776,127.954928,안간영농조합법인,경상북도 김천시 부항면 안간리 385(토지),태양광,96.39,2015-06-23,2020-6.-.9,2019-11-28
36.014726,127.906856,해인영농조합법인,경상북도 김천시 부항면 해인리 산8(토지),태양광,83.2,2015-06-23,2017-03-13,2019-11-28
36.172785,128.239611,아포태양광발전소1호,"경상북도 김천시 아포읍 의리 579, 인리 1078-1, 1078-2(토지)1078-3",태양광,1000,2015-06-30,2016-09-23,2019-11-28
36.179684,128.257704,박승하,경상북도 김천시 아포읍 인리 299(지붕),태양광,99.16,2015-07-10,2017-07-17,2019-11-28
36.074124,128.101226,시우,"경상북도 김천시 조마면 신안리 939,939-3(지붕+토지)",태양광,99.64,2015-07-10,2015-11-23,2019-11-28
36.190486,128.265389,세경,경상북도 김천시 아포읍 예리 359(지붕),태양광,99.2,2015-07-20,2015-09-11,2019-11-28
36.070523,128.121363,광천,경상북도 김천시 감천면 광기리 1085,태양광,99.705,2015-08-28,2016-04-29,2019-11-28
36.005613,127.938314,벌태양광발전소1호,경상북도 김천시 부항면 대야리 95-1,태양광,99,2015-08-31,2016-02-22,2019-11-28
36.186267,128.189234,명국1호,"경상북도 김천시 개령면 남전리 259, 265-1",태양광,97.2,2015-10-16,2016-08-09,2019-11-28
36.186529,128.190322,진명2호,경상북도 김천시 개령면 남전리 265-1,태양광,97.2,2015-10-16,2016-08-09,2019-11-28
36.058183,128.107965,현우,경상북도 김천시 조마면 장암5길 17(지붕),태양광,19.76,2015-11-02,2016-04-29,2019-11-28
36.059526,128.107602,매화,경상북도 김천시 조마면 장암5길 13(지붕),태양광,20,2015-11-02,2016-01-11,2019-11-28
36.073801,128.101611,㈜중앙,"경상북도 김천시 조마면 신안리 833-1, 833-3(복합)",태양광,99,2015-11-10,2015-12-18,2019-11-28
36.030558,127.948063,수양1호,경상북도 김천시 부항면 안간리 산63-1,태양광,998.4,2015-12-04,2018-1.-24,2019-11-28
36.129047,128.04255,성광,"경상북도 김천시 대항면 덕전리 1105-4,1087,1088,1105-16,1105-17,1105-18(지붕)",태양광,99,2015-12-04,2016-02-22,2019-11-28
36.113224,128.069614,백옥1호,경상북도 김천시 백옥동 669,태양광,99.66,2015-12-21,2017-02-17,2019-11-28
36.116568,128.071508,백옥2호,경상북도 김천시 백옥동 536-1,태양광,99.66,2015-12-21,2017-02-17,2019-11-28
36.177254,128.259683,인리,경상북도 김천시 아포읍 인리 267,태양광,99.2,2015-12-22,2016-09-13,2019-11-28
35.992822,127.939506,단산영농조합법인,경상북도 김천시 부항면 월곡리 43-3,태양광,148.72,2015-12-30,2017-01-17,2019-11-28
36.011626,127.933874,부곡영농조합법인,경상북도 김천시 부항면 파천리 377,태양광,85.8,2015-12-30,2017-02-09,2019-11-28
35.989196,127.952984,사월영농조합법인,"경상북도 김천시 부항면 사등리 487, 490, 491",태양광,233.92,2015-12-30,2017-02-22,2019-11-28
35.979776,127.938491,한송정영농조합법인,경상북도 김천시 부항면 월곡리 245,태양광,144,2015-12-30,2017-02-10,2019-11-28
36.199656,128.15167,구야리,경상북도 김천시 감문면 구야리 690,태양광,98.49,2016-02-01,2017-03-02,2019-11-28
36.199656,128.15167,일산,경상북도 김천시 감문면 구야리 690,태양광,98.49,2016-02-01,2017-03-02,2019-11-28
36.00328,128.124926,재창,"경상북도 김천시 조마면 대방리 1687-2, 1729",태양광,99.2,2016-02-17,2017-02-09,2019-11-28
36.137165,128.004905,금호,경상북도 김천시 대항면 향천리 1441(지붕),태양광,99.2,2016-05-10,2016-09-05,2019-11-28
36.142023,128.117979,명동쏠라,경상북도 김천시 금음길 3(지붕),태양광,18.81,2016-05-23,2016-08-17,2019-11-28
36.200914,128.151561,광산,"경상북도 김천시 감문면 금라리 965-1,965-5",태양광,140.5,2016-05-27,2016-09-19,2019-11-28
36.195081,128.152731,주식회사 다솔라,경상북도 김천시 감문면 구야리 775-8,태양광,435.2,2016-06-10,2017-09-19,2019-11-28
36.076005,128.25706,HS,"경상북도 김천시 남면 부상리 864-1, 772-1, 771-3(지붕)",태양광,99.2,2016-06-29,2016-9.-13,2019-11-28
36.003561,128.125175,재창제2,"경상북도 김천시 조마면 대방리 1687-1, 1687-2, 1687-3",태양광,99.2,2016-06-30,2017-02-09,2019-11-28
36.194024,128.160076,감문크린솔라1,"경상북도 김천시 감문면 구야리 448-1, 448-2, 445-6",태양광,99.2,2016-07-12,2016-12-27,2019-11-28
36.194024,128.160076,감문크린솔라2,"경상북도 김천시 감문면 구야리 448-1, 448-2, 445-6",태양광,99.2,2016-07-12,2016-12-27,2019-11-28
36.194024,128.160076,감문크린솔라3,"경상북도 김천시 감문면 구야리 448-1, 448-2, 445-6",태양광,99.2,2016-07-12,2016-12-27,2019-11-28
35.975031,128.071122,해맞이3호,경상북도 김천시 지례면 신평리 372-3,태양광,99.23,2016-07-21,2017-03-29,2019-11-28
35.974823,128.071143,언양1호,경상북도 김천시 지례면 신평리 372,태양광,99.23,2016-07-21,2017-03-29,2019-11-28
35.974823,128.071143,정원,경상북도 김천시 지례면 신평리 372-2,태양광,99.23,2016-07-21,2017-03-29,2019-11-28
35.975007,128.071337,박대감3호,경상북도 김천시 지례면 신평리 371-1,태양광,99.23,2016-07-21,2017-03-29,2019-11-28
36.160195,128.230408,㈜솔라메이커스,경상북도 김천시 아포읍 아포대로 659-15,태양광,295.74,2016-07-21,2017-03-23,2019-11-28
36.059968,128.088585,㈜태너지,"경상북도 김천시 구성면 광명리 산26, 산26-1",태양광,198.4,2016-07-21,2016-11-02,2019-11-28
36.052333,128.056514,수정,경상북도 김천시 구성면 송죽리 산133,태양광,99.2,2016-08-17,2018-03-21,2019-11-28
36.052333,128.056514,㈜에스에이치솔라6,경상북도 김천시 구성면 송죽리 산133,태양광,99.2,2016-08-17,2018-03-21,2019-11-28
36.052333,128.056514,영진,경상북도 김천시 구성면 송죽리 산133,태양광,99.2,2016-08-17,2018-03-21,2019-11-28
36.052333,128.056514,㈜제이케이솔라김천,경상북도 김천시 구성면 송죽리 산133,태양광,99.2,2016-08-17,2018-03-21,2019-11-28
36.052333,128.056514,채윤,경상북도 김천시 구성면 송죽리 산133,태양광,99.2,2016-08-17,2018-03-21,2019-11-28
35.99628,127.920774,주평,경상북도 김천시 부항면 하대리 478,태양광,92.48,2016-08-19,2017-03-17,2019-11-28
36.105715,128.207882,스마일태양광주식회사,경상북도 김천시 남면 운곡리 산104,태양광,997.56,2016-08-19,2017-11-21,2019-11-28
36.154445,128.152756,대광,경상북도 김천시 개령면 신룡리 748(지붕),태양광,98.49,2016-09-01,2017-04-07,2019-11-28
36.019491,127.99326,단우솔라,"경상북도 김천시 구성면 임천리 242, 243, 206,244,245",태양광,494.76,2016-09-26,2017-08-11,2019-11-28
36.019412,127.992688,금성2태양광발전소,"경상북도 김천시 구성면 임천리 산90-34, 248-3,248-4,240-1",태양광,495.76,2016-09-26,2017-08-11,2019-11-28
36.073793,128.081558,㈜한양태양광발전소,경상북도 김천시 구성면 하강리 648-1,태양광,99,2016-09-29,2017-09-28,2019-11-28
36.073793,128.081558,자연삼육오영농조합법인,경상북도 김천시 구성면 하강리 648-1,태양광,99,2016-09-29,2017-09-28,2019-11-28
36.073793,128.081558,한양1호,경상북도 김천시 구성면 하강리 648-1,태양광,99,2016-09-29,2017-09-28,2019-11-28
36.073793,128.081558,한양2호,경상북도 김천시 구성면 하강리 648-1,태양광,99,2016-09-29,2017-09-28,2019-11-28
36.172166,128.247583,신촌,"경상북도 김천시 아포읍 인리 773-12,773-13,773-14,773-20",태양광,991.44,2016-09-29,2018-04-23,2019-11-28
36.046309,128.060754,기성,경상북도 김천시 구성면 송죽리 529-13,태양광,489.6,2016-10-17,2017-12-21,2019-11-28
36.046309,128.060754,동부김천,경상북도 김천시 구성면 송죽리 529-12,태양광,489.6,2016-10-17,2017-12-21,2019-11-28
36.046309,128.060754,KDB김천,경상북도 김천시 구성면 송죽리 529-11,태양광,489.6,2016-10-17,2017-12-21,2019-11-28
36.046525,128.060764,써니원김천,경상북도 김천시 구성면 송죽리 529-8,태양광,318.24,2016-10-17,2017-12-21,2019-11-28
36.046525,128.060764,썬위드김천,경상북도 김천시 구성면 송죽리 529-8,태양광,459,2016-10-17,2017-12-21,2019-11-28
36.153968,128.160986,황계솔라1,"경상북도 김천시 개령면 황계리 663-1, 662",태양광,99.84,2016-10-14,2017-08-17,2019-11-28
36.153968,128.160986,황계솔라2,"경상북도 김천시 개령면 황계리 663-1, 662",태양광,99.84,2016-10-14,2017-08-17,2019-11-28
36.153968,128.160986,황계솔라3,"경상북도 김천시 개령면 황계리 663-1, 662",태양광,99.84,2016-10-14,2017-08-17,2019-11-28
35.980671,127.942156,대웅태양광발전소2호,경상북도 김천시 부항면 월곡리 산 113,태양광,96.48,2016-10-26,2018-01-15,2019-11-28
35.980671,127.942156,대웅태양광발전소3호,경상북도 김천시 부항면 월곡리 산 113,태양광,96.48,2016-10-26,2018-01-10,2019-11-28
35.980671,127.942156,대웅태양광발전소4호,경상북도 김천시 부항면 월곡리 산 113,태양광,96.48,2016-10-26,2018-01-10,2019-11-28
35.980671,127.942156,대웅태양광발전소5호,경상북도 김천시 부항면 월곡리 산 113,태양광,96.48,2016-10-26,2018-01-15,2019-11-28
35.980671,127.942156,대웅태양광발전소6호,경상북도 김천시 부항면 월곡리 산 113,태양광,96.48,2016-10-26,2018-01-10,2019-11-28
35.980671,127.942156,대웅태양광발전소7호,경상북도 김천시 부항면 월곡리 산 113,태양광,96.48,2016-10-26,2018-01-15,2019-11-28
35.980671,127.942156,대웅태양광발전소8호,경상북도 김천시 부항면 월곡리 산 113,태양광,96.48,2016-10-26,2018-01-10,2019-11-28
35.980671,127.942156,대웅태양광발전소9호,경상북도 김천시 부항면 월곡리 산 113,태양광,96.48,2016-10-26,2018-01-15,2019-11-28
35.980671,127.942156,대웅태양광발전소10호,경상북도 김천시 부항면 월곡리 산 113,태양광,96.48,2016-10-26,2018-01-15,2019-11-28
36.14471,128.053648,스마일솔라,경상북도 김천시 봉산면 예지리 424,태양광,98.55,2016-11-22,2018-11-28,2019-11-28
36.14471,128.053648,은하수솔라,경상북도 김천시 봉산면 예지리 424,태양광,98.55,2016-11-22,2018-11-28,2019-11-28
36.084374,128.133157,㈜에스에너지,"경상북도 김천시 감천면 금송리 산137-1, 산137-2",태양광,999,2016-11-29,2018-03-09,2019-11-28
36.084374,128.133157,㈜낙윤에너지,"경상북도 김천시 감천면 금송리 산137-1, 산137-2, 449-1,산137-3,451",태양광,998.4,2016-11-29,2019-05-03,2019-11-28
35.89824,128.00404,조일,경상북도 김천시 증산면 평촌리 산51-1,태양광,496.8,2016-12-21,2019-03-25,2019-11-28
36.113033,128.04845,누리,"경상북도 김천시 대항면 덕전리 454-4,455,456",태양광,297.6,2016-12-21,2017-06-12,2019-11-28
36.178007,128.239247,의리1호,경상북도 김천시 아포읍 의리 58,태양광,99.2,2017-01-06,2017-05-25,2019-11-28
36.180915,128.1248,중왕,경상북도 김천시 어모면 중왕리 457(건물위),태양광,99.23,2017-01-06,2017-06-12,2019-11-28
36.151979,128.173436,서부,경상북도 김천시 개령면 서부리 597-38,태양광,163.2,2017-02-15,2017-10-12,2019-11-28
36.191758,128.262085,연두,경상북도 김천시 아포읍 예리길 185-2(건물위),태양광,83.07,2017-02-16,2017-09-22,2019-11-28
36.190062,128.264364,봉우산,경상북도 김천시 아포읍 예리길 166-50(건물위),태양광,62.13,2017-02-16,2017-09-13,2019-11-28
36.073218,128.14492,썬,경상북도 김천시 감천면 광기리 산7,태양광,99,2017-02-22,2019-01-11,2019-11-28
36.073218,128.14492,하늘사랑,경상북도 김천시 감천면 광기리 산7,태양광,99,2017-02-22,2019-01-11,2019-11-28
36.073218,128.14492,청광,경상북도 김천시 감천면 광기리 산7,태양광,99,2017-02-22,2019-01-11,2019-11-28
36.073218,128.14492,춘양수1호,경상북도 김천시 감천면 광기리 산7,태양광,99,2017-02-22,2019-01-11,2019-11-28
36.073218,128.14492,춘양수2호,경상북도 김천시 감천면 광기리 산7,태양광,99,2017-02-22,2019-01-11,2019-11-28
36.073218,128.14492,춘양수3호,경상북도 김천시 감천면 광기리 산7,태양광,99,2017-02-22,2019-01-11,2019-11-28
36.068109,128.281547,남면솔라파크1,"경상북도 김천시 남면 부상리 276,277",태양광,99.36,2017-02-27,2018-01-18,2019-11-28
36.068109,128.281547,남면솔라파크2,"경상북도 김천시 남면 부상리 276,277",태양광,99.36,2017-02-27,2018-01-18,2019-11-28
36.068109,128.281547,남면솔라파크3,"경상북도 김천시 남면 부상리 276,277",태양광,99.36,2017-02-27,2018-01-18,2019-11-28
36.068109,128.281547,남면솔라파크4,"경상북도 김천시 남면 부상리 276,277",태양광,99.36,2017-02-27,2018-01-18,2019-11-28
36.068109,128.281547,남면솔라파크5,"경상북도 김천시 남면 부상리 276,277",태양광,99.36,2017-02-27,2018-01-18,2019-11-28
36.188608,128.261542,청솔,"경상북도 김천시 아포읍 예리338-2,338-3(건물 위)",태양광,67.45,2017-02-27,2017-09-22,2019-11-28
36.03529,128.186829,㈜와이즈솔라(와이즈솔라21호),경상북도 김천시 농소면 봉곡리 산67,태양광,1498.5,2015-12-21,2019-01-24,2019-11-28
36.225129,128.190157,삼성리,"경상북도 김천시 감문면 삼성리 124-1,124-3,125-2,126,127,128,120-3,산62",태양광,217.6,2017-03-22,2018-03-5.,2019-11-28
36.135705,128.067749,반석,경상북도 김천시 봉산면 신리 308-7,태양광,98.83,2017-03-27,2018-09-11,2019-11-28
36.136966,128.065204,하이행복,경상북도 김천시 봉산면 신리 308-26,태양광,98.83,2017-03-27,2018-9.-11,2019-11-28
36.189123,128.263758,명순,경상북도 김천시 아포읍 예리 346-2(건물 위),태양광,62.4,2017-03-28,2017-11-.8,2019-11-28
35.939092,127.984257,풍년,경상북도 김천시 대덕면 중산리 70(건물 위),태양광,74.88,2017-04-13,2017-7.-31,2019-11-28
36.182531,128.245488,지리발전소,"경상북도 김천시 아포읍 지리 529,530",태양광,195.84,2017-04-13,2017-10-26,2019-11-28
36.069922,128.12173,에스솔라1호,"경상북도 김천시 감천면 광기리 산116-2,산116-4",태양광,199.8,2017-05-17,2018-7.-11,2019-11-28
36.069922,128.12173,에스솔라2호,"경상북도 김천시 감천면 광기리 산116-2,산116-3,산116-4",태양광,199.8,2017-05-17,2018-7.-11,2019-11-28
35.989197,127.952623,사등영농조합법인,경상북도 김천시 부항면 사등리 486,태양광,94.5,2017-06-19,2018-5.-16,2019-11-28
35.915658,127.968379,송찬호,경상북도 김천시 대덕면 관기리 343-1(건물 위),태양광,9.92,2017-06-20,2018-05-10,2019-11-28
36.154108,128.162308,동우,경상북도 김천시 개령면 황계리 611-1,태양광,94.5,2017-06-26,2018-02-08,2019-11-28
36.154108,128.162308,묘법화,경상북도 김천시 개령면 황계리 611-1,태양광,94.5,2017-06-26,2018-02-08,2019-11-28
36.216035,128.137745,참그린에너지,경상북도 김천시 감문면 도명리 223,태양광,96.48,2017-07-04,2018-04-24,2019-11-28
36.101188,128.047014,미소2호,"경상북도 김천시 대항면 덕전리 151,148,149",태양광,199.92,2017-07-04,2019-01-17,2019-11-28
36.101354,128.048104,태광2호,"경상북도 김천시 대항면 덕전리 148,149",태양광,299.88,2017-07-04,2019-01-17,2019-11-28
36.101354,128.048104,선재,"경상북도 김천시 대항면 덕전리 148,151",태양광,199.92,2017-07-04,2019-01-17,2019-11-28
36.101354,128.048104,대성,경상북도 김천시 대항면 덕전리 151,태양광,99.96,2017-07-04,2019-01-17,2019-11-28
36.100961,128.048004,우성고운빛,"경상북도 김천시 대항면 덕전리 122-1,149",태양광,99.96,2017-07-04,2019-01-17,2019-11-28
36.171941,128.247465,신촌1호,"경상북도 김천시 아포읍 인리 773-8,773-11",태양광,99,2017-07-05,2018-06-04,2019-11-28
36.171941,128.247465,신촌2-1호,"경상북도 김천시 아포읍 인리 773-8,773-11",태양광,99,2017-07-05,2018-06-04,2019-11-28
36.171941,128.247465,신촌3호,경상북도 김천시 아포읍 인리 773-8,태양광,99,2017-07-05,2018-06-04,2019-11-28
36.171941,128.247465,신촌4호,경상북도 김천시 아포읍 인리 773-8,태양광,99,2017-07-05,2018-06-04,2019-11-28
36.171941,128.247465,신촌5호,"경상북도 김천시 아포읍 인리 773-8,773-9,773-10",태양광,99,2017-07-05,2018-06-04,2019-11-28
36.171941,128.247465,신촌6호,"경상북도 김천시 아포읍 인리 773-8,773-9,774-2",태양광,99,2017-07-05,2018-06-04,2019-11-28
36.171941,128.247465,신촌7호,"경상북도 김천시 아포읍 인리 773-8,773-9,774-2",태양광,99,2017-07-05,2018-06-04,2019-11-28
36.171941,128.247465,신촌8호,경상북도 김천시 아포읍 인리 773-26,태양광,99,2017-07-05,2018-06-04,2019-11-28
36.171941,128.247465,신촌9호,"경상북도 김천시 아포읍 인리 773-8,746,747",태양광,99,2017-07-05,2018-06-04,2019-11-28
36.171941,128.247465,신촌10호,"경상북도 김천시 아포읍 인리 773-8,746",태양광,99,2017-07-05,2018-06-04,2019-11-28
36.171941,128.247465,신촌11호,"경상북도 김천시 아포읍 인리 773-8,746",태양광,99,2017-07-05,2018-06-04,2019-11-28
36.161801,128.198025,아포농업협동조합,경상북도 김천시 아포읍 대신리958-3(건물위),태양광,199.92,2017-07-10,2018-01-08,2019-11-28
35.915207,127.967614,이영자,경상북도 김천시 대덕면 관기리 363(건물 위),태양광,9.92,2017-08-14,2018-05-17,2019-11-28
36.17862,128.239554,의리2호,경상북도 김천시 아포읍 의리 59,태양광,99,2017-08-16,2018-04-24,2019-11-28
35.971163,128.082587,JKC-1호,경상북도 김천시 지례면 이전리 산61,태양광,99.28,2017-08-30,2018-09-27,2019-11-28
35.971163,128.082587,JKC-2호,경상북도 김천시 지례면 이전리 산61-1,태양광,99.28,2017-08-30,2018-09-27,2019-11-28
35.971163,128.082587,JKC-3호,경상북도 김천시 지례면 이전리 산61-2,태양광,99.28,2017-08-30,2018-09-27,2019-11-28
35.971163,128.082587,JKC-4호,경상북도 김천시 지례면 이전리 산61-3,태양광,99.28,2017-08-30,2018-09-27,2019-11-28
35.971163,128.082587,JKC-5호,경상북도 김천시 지례면 이전리 산61-4,태양광,99.28,2017-08-30,2018-09-27,2019-11-28
35.971076,128.083465,JKC-6호,경상북도 김천시 지례면 이전리 659,태양광,99.28,2017-08-30,2018-09-27,2019-11-28
35.971076,128.083465,JKC-7호,경상북도 김천시 지례면 이전리 659-1,태양광,99.28,2017-08-30,2018-09-27,2019-11-28
35.971076,128.083465,JKC-8호,경상북도 김천시 지례면 이전리 659-2,태양광,99.28,2017-08-30,2018-09-27,2019-11-28
36.174372,128.245304,신촌12호,"경상북도 김천시 아포읍 인리 744-1,744-2,773-9",태양광,99,2017-09-04,2018-06-27,2019-11-28
36.174372,128.245304,신촌13호,"경상북도 김천시 아포읍 인리 744-1,744-2,747,773-8",태양광,99,2017-09-04,2018-07-05,2019-11-28
36.173919,128.245949,신촌14호,"경상북도 김천시 아포읍 인리 747,746",태양광,99,2017-09-04,2018-07-05,2019-11-28
36.174057,128.24618,신촌15호,경상북도 김천시 아포읍 인리 749,태양광,149.04,2017-09-04,2018-07-05,2019-11-28
36.172045,128.247583,신촌16호,"경상북도 김천시 아포읍 인리 773-16,773-17,773-18",태양광,400.14,2017-09-04,2019-05-22,2019-11-28
36.215886,128.137235,인빈,"경상북도 김천시 감문면 도명리 220,221,222",태양광,97.92,2017-09-08,2018-04-24,2019-11-28
36.215886,128.137235,성진,"경상북도 김천시 감문면 도명리 220,221,222",태양광,97.92,2017-09-08,2018-04-24,2019-11-28
36.161917,128.116879,더순수,경상북도 김천시 어모면 산업단지7로211(건물 위),태양광,377.4,2017-09-08,2018-06-19,2019-11-28
36.048729,128.154162,무안1호,경상북도 김천시 감천면 무안리 348,태양광,199.8,2017-09-08,2019-08-14,2019-11-28
36.048625,128.154173,무안2호,경상북도 김천시 감천면 무안리 347,태양광,97.2,2017-09-08,2019-04-02,2019-11-28
36.206868,128.18015,보광리,경상북도 김천시 감문면 보광리195,태양광,98.6,2017-09-14,2018-10-12,2019-11-28
36.105661,128.213126,운양,경상북도 김천시 남면 운곡리 496(건물 위),태양광,250.56,2017-09-25,2019-04-01,2019-11-28
36.155796,128.153961,혁신,경상북도 김천시 개령면 황계길 322-4(건물 위),태양광,97.92,2017-10-12,2018-02-08,2019-11-28
35.980319,128.093519,한우리,경상북도 김천시 조마면 신곡리 1283(건물 위),태양광,97.92,2017-10-23,2018-02-27,2019-11-28
36.050236,128.12504,대경태양광제1발전소,경상북도 김천시 감천면 도평5길 83(건물 위),태양광,145.44,2017-10-23,2018-04-23,2019-11-28
36.179975,128.124848,㈜유성,"경상북도 김천시 어모면 중앙리472-18,472-22,472-41,472-43,427-44,473-2(건물위)",태양광,149.6,2017-11-03,2018-05-02,2019-11-28
36.111369,128.079899,백옥,경상북도 김천시 백옥동 804-1,태양광,99.36,2017-11-09,2018-05-15,2019-11-28
36.066184,128.271272,금곡자산태양광발전소1호,경상북도 김천시 남면 부상리 236-6(건물 위),태양광,99.96,2017-11-15,2018-08-17,2019-11-28
36.183318,128.244442,진오,경상북도 김천시 아포읍 지리 537-2,태양광,97.2,2017-11-24,2018-09-21,2019-11-28
36.165013,128.15151,윤미화,경상북도 김천시 개령면 신룡리 431,태양광,97.92,2017-12-08,2018-08-10,2019-11-28
36.093621,128.245263,송곡1호,경상북도 김천시 남면 송곡리 245-1,태양광,99.83,2017-12-08,2018-07-25,2019-11-28
36.069926,128.14423,광기,경상북도 김천시 감천면 광기리 80,태양광,99.9,2017-12-18,2019-07-17,2019-11-28
36.069885,128.142815,진명,"경상북도 김천시 감천면 광기리 77-1,77-2",태양광,299.3,2017-12-18,2018-09-03,2019-11-28
35.987417,128.096786,계성,"경상북도 김천시 조마면 신곡리903,905,905-1,905-2,905-3,907-1,907-2(건물위)",태양광,498.23,2017-12-26,2018-04-9.,2019-11-28
36.230363,128.176586,삼화,경상북도 김천시 감문면 삼성리 893-1,태양광,99.28,2017-12-26,2018-12-14,2019-11-28
36.14924,128.162478,혁신2,경상북도 김천시 개령면 황계리 322-4(건물 위),태양광,99,2017-12-26,2018-02-13,2019-11-28
36.024263,128.138848,신왕진일,"경상북도 김천시 조마면 신왕리 664-1,664-2",태양광,99.06,2018-01-15,2019-03-06,2019-11-28
36.023962,128.138652,신왕현우,경상북도 김천시 조마면 신왕리 664-2,태양광,99.06,2018-01-15,2019-03-06,2019-11-28
36.023962,128.138652,해조아,경상북도 김천시 조마면 신왕리 664-2,태양광,99.06,2018-01-15,2019-03-06,2019-11-28
36.179394,128.260738,참수리,경상북도 김천시 아포읍 예리 626(건물 위),태양광,99.16,2018-01-15,2019-07-30,2019-11-28
36.002535,128.137914,박일기,"경상북도 김천시 조마면 대방리 174,175",태양광,97.92,2018-01-15,2018-07-11,2019-11-28
36.002535,128.137914,김옥화,"경상북도 김천시 조마면 대방리 174,178",태양광,97.92,2018-01-15,2018-07-11,2019-11-28
36.222793,128.08521,에코솔라,경상북도 김천시 어모면 옥계리 산183-1,태양광,499.8,2018-01-19,2019-09-03,2019-11-28
36.222793,128.08521,동아솔라,경상북도 김천시 어모면 옥계리 산183-1,태양광,499.8,2018-01-19,2019-09-03,2019-11-28
36.048313,128.154232,무안3호,"경상북도 김천시 감천면 무안리 349,354-1",태양광,97.2,2018-01-19,2019-04-10,2019-11-28
36.157169,128.189912,건영,"경상북도 김천시 아포읍 대신리 1052,1052-1,1051-2,1054,1541-4,1544-1,1539",태양광,840.23,2018-01-19,2018-10-12,2019-11-28
36.085608,128.111762,주경,경상북도 김천시 양천동1007(건물위),태양광,98.6,2018-01-19,2018-04-3.,2019-11-28
35.939726,127.962992,성암1호에너지,경상북도 김천시 대덕면 중산리 631-1,태양광,99.28,2018-01-19,2019-02-26,2019-11-28
35.939726,127.962992,성암2호에너지,경상북도 김천시 대덕면 중산리 631-1,태양광,99.28,2018-01-19,2019-02-26,2019-11-28
35.939726,127.962992,성암3호에너지,경상북도 김천시 대덕면 중산리 631-1,태양광,99.28,2018-01-19,2019-02-26,2019-11-28
36.12179,128.183789,SU799,경상북도 김천시 율곡동 799(건물 위),태양광,245.31,2018-02-27,2018-09-19,2019-11-28
36.207916,128.176615,보광,경상북도 김천시 감문면 보광리 239-6,태양광,99.28,2018-03-14,2019-08-23,2019-11-28
36.158798,128.243358,대웅,경상북도 김천시 아포읍 국사리 767-8(건물위),태양광,43.8,2018-03-14,2018-08-20,2019-11-28
36.110213,128.244112,동혜,"경상북도 김천시 남면 오봉리 959-2,960(건물위)",태양광,97.2,2018-03-23,2018-06-27,2019-11-28
36.146603,128.22836,아포1호,"경상북도 김천시 아포읍 제석리 1281-2,1281-5",태양광,99.28,2018-03-23,2018-11-26,2019-11-28
36.146974,128.228249,아포2호,"경상북도 김천시 아포읍 제석리 1281-1,1281-2,1282-1",태양광,99.28,2018-03-23,2018-11-26,2019-11-28
35.938083,127.963689,성암,"경상북도 김천시 대덕면 중산리 670,671",태양광,348.21,2018-03-23,2019-02-08,2019-11-28
36.21717,128.084924,(주)하늘,경상북도 김천시 어모면 옥계리 산155,태양광,997.56,2018-04-27,2019-09-09,2019-11-28
36.21717,128.084924,(주)바다,경상북도 김천시 어모면 옥계리 산155,태양광,997.56,2018-04-27,2019-09-09,2019-11-28
36.164114,128.141704,대우,경상북도 김천시 어모면 다남리 1396(공장지붕위),태양광,499.32,2018-04-27,2018-11-01,2019-11-28
36.145839,128.229546,율곡,"경상북도 김천시 아포읍 제석리 998-2,999",태양광,99.96,2018-05-04,2019-06-06,2019-11-28
36.16769,128.064487,대적,경상북도 김천시 봉산면 인의리 438,태양광,19.88,2018-05-04,2018-07-09,2019-11-28
36.139124,128.155108,황계리,경상북도 김천시 개령면 황계리 1413-17(건물위),태양광,99.9,2018-05-04,2019-05-02,2019-11-28
36.183581,128.252489,황소,경상북도 김천시 아포읍 황소길 98(건물위),태양광,41.14,2018-05-04,2018-11-16,2019-11-28
36.131891,128.226671,강남,"경상북도 김천시 남면 봉천리 1816-13, 14(건물위)",태양광,110.88,2018-05-18,2019-02-26,2019-11-28
36.172795,128.248183,홍부,"경상북도 김천시 아포읍 인리 775,775-2",태양광,295.2,2018-05-28,2019-04-26,2019-11-28
36.196386,128.154955,한솔발전소,경상북도 김천시 감문면 구야리 762,태양광,97.2,2018-06-15,2018-12-10,2019-11-28
36.195742,128.155156,정민발전소,"경상북도 김천시 감문면 구야리 759,762",태양광,97.2,2018-06-15,2018-12-10,2019-11-28
36.076216,128.257264,비전,경상북도 김천시 남면 사모실길 48(건물위),태양광,65.52,2018-06-15,2018-10-15,2019-11-28
36.174388,128.243763,신촌17호,"경상북도 김천시 아포읍 인리 1092,1095-1,1095-2",태양광,903.96,2018-06-26,2019-04-18,2019-11-28
36.174388,128.243763,김천금라1호,경상북도 김천시 감문면 금라리 290-3,태양광,99.9,2018-07-18,2019-09-25,2019-11-28
36.214372,128.16108,태경,"경상북도 김천시 감문면 금라리 290, 293-1",태양광,99.9,2018-07-18,2019-09-09,2019-11-28
36.214372,128.16108,드림,경상북도 김천시 감문면 금라리 290-1,태양광,99.9,2018-07-18,2019-09-09,2019-11-28
36.214372,128.16108,샬롬,"경상북도 김천시 감문면 금라리 290-2, 293-2",태양광,99.9,2018-07-18,2019-09-09,2019-11-28
36.12635,128.160424,성재,경상북도 김천시 감문면 금라리 243-5,태양광,99.9,2018-07-18,2019-09-10,2019-11-28
36.215515,128.161489,㈜다한금라리 가온2호,경상북도 김천시 감문면 금라리 293,태양광,99.9,2018-07-18,2019-09-10,2019-11-28
36.216315,128.160381,이현그린,"경상북도 김천시 감문면 금라리 243,244",태양광,99.9,2018-07-18,2019-09-10,2019-11-28
36.216315,128.160381,에스제이2,"경상북도 김천시 감문면 금라리 243-3, 244-1",태양광,99.9,2018-07-18,2019-09-10,2019-11-28
36.215563,128.160712,김천출곤8,경상북도 김천시 감문면 금라리 249-1,태양광,99.9,2018-07-18,2019-09-10,2019-11-28
36.214689,128.161123,김천영길2,경상북도 김천시 감문면 금라리 290-4,태양광,99.9,2018-07-18,2019-09-09,2019-11-28
36.215667,128.160679,김천명옥9,"경상북도 김천시 감문면 금라리 249, 243-6",태양광,99.9,2018-07-18,2019-09-10,2019-11-28
36.216281,128.160435,에스제이1,경상북도 김천시 감문면 금라리 243-4,태양광,99.9,2018-07-18,2019-09-10,2019-11-28
36.207448,128.137479,㈜영승가애,"경상북도 김천시 감문면 도명리 54-2,55,56,54-3,57-2",태양광,298.08,2018-07-30,2019-02-26,2019-11-28
36.173769,128.24483,신촌18호,"경상북도 김천시 아포읍 인리 745, 1091",태양광,780.03,2018-08-06,2019-04-18,2019-11-28
36.129502,128.109097,평화,"경상북도 김천시 평화동 106-11,12,13(건물위)",태양광,298.35,2018-08-06,2019-01-07,2019-11-28
36.149147,128.042961,덕천1호,경상북도 김천시 봉산면 덕천리 372,태양광,197.2,2018-08-21,2019-07-09,2019-11-28
36.061161,128.160576,㈜새빛에너지,경상북도 김천시 감천면 무안리 산12,태양광,492.75,2018-08-29,2019-06-24,2019-11-28
36.060061,128.160899,도솔,경상북도 김천시 감천면 무안리 487,태양광,98.55,2018-08-29,2019-06-24,2019-11-28
36.123925,128.070024,다수1호,경상북도 김천시 다수동 323,태양광,179.2,2018-09-06,2019-06-19,2019-11-28
36.153141,128.144532,동보,경상북도 김천시 묘광3길21-3(대광동)(건물위),태양광,17.28,2018-09-18,2019-01-17,2019-11-28
36.092795,128.245375,송곡5호,경상북도 김천시 남면 송곡리 245-1,태양광,99,2018-09-18,2018-12-10,2019-11-28
36.092795,128.245375,송곡6호,경상북도 김천시 남면 송곡리 245-1,태양광,99,2018-09-18,2018-12-10,2019-11-28
36.123549,128.085482,신명,경상북도 김천시 부곡동 983-1(건물위),태양광,18.72,2018-09-18,2018-12-14,2019-11-28
35.909387,127.956503,신생태양광㈜,경상북도 김천시 대덕면 화전리 244-3,태양광,992.8,2018-09-27,2019-09-09,2019-11-28
36.154821,128.198403,규진,경상북도 김천시 아포읍 대신리 873(건물위),태양광,99.9,2018-09-27,2019-06-28,2019-11-28
36.158439,128.048623,㈜봉산,"경상북도 김천시 봉산면 예지리 465-1,2",태양광,997.92,2018-09-27,2019-09-02,2019-11-28
36.158439,128.048623,㈜봉산2호,경상북도 김천시 봉산면 예지리 465-1,태양광,997.92,2018-09-27,2019-09-02,2019-11-28
36.158439,128.048623,봉산3호,경상북도 김천시 봉산면 예지리 465-1,태양광,498.96,2018-09-27,2019-09-02,2019-11-28
36.197133,128.155215,구야태양광발전소,"경상북도 김천시 감문면 구야리 763-1,763-2",태양광,99.72,2018-10-10,2019-05-29,2019-11-28
36.197133,128.155215,구야태양광발전소1호,"경상북도 김천시 감문면 구야리 763-1,763-2",태양광,95.76,2018-10-10,2019-05-29,2019-11-28
36.177652,128.258383,황소3,경상북도 김천시 아포읍 인리 260(건물위),태양광,99.28,2018-10-22,2019-04-05,2019-11-28
36.096457,128.200821,동우,"경상북도 김천시 농소면 입석리 211-3,211-4(건물위)",태양광,82.95,2018-10-22,2019-06-14,2019-11-28
36.151271,128.172696,도원,경상북도 김천시 개령면 서부리 597-42(건물위),태양광,169.65,2018-10-30,2019-07-05,2019-11-28
35.882246,128.042801,금곡,경상북도 김천시 증산면 금곡리 1326-84(건물위),태양광,44.4,2018-11-26,2019-05-30,2019-11-28
35.903315,127.957491,화전,경상북도 김천시 대덕면 화전리 289(가동 건물위),태양광,28.08,2018-11-26,2019-04-10,2019-11-28
36.092432,128.116396,김천위탁영농,"경상북도 김천시 양천동 262,262-2(건물위)",태양광,99,2018-11-26,2019-10-23,2019-11-28
36.21195,128.18088,동광에너지,경상북도 김천시 감문면 보광리 75-1(건물위),태양광,96.2,2018-11-26,2019-04-15,2019-11-28
36.232878,128.069783,옥수,"경상북도 김천시 어모면 능치리 49,48-1,50-4,50-5,50-8가동(건물위)",태양광,98.55,2018-11-29,2019-7.-26,2019-11-28
36.141126,128.063822,신세계 제2,"경상북도 김천시 봉산면 신리 426, 426-1(건물위)",태양광,65.7,2019-01-23,2019-11-06,2019-11-28
36.17488,128.244845,가비,경상북도 김천시 아포읍 인리 743,태양광,91.26,2019-01-23,2019-08-08,2019-11-28
36.17488,128.244845,구미리,경상북도 김천시 구성면 남김천대로 2167(건물위),태양광,19.5,2019-02-12,2019-04-23,2019-11-28
36.134974,128.154354,연암,경상북도 김천시 덕곡동 176-1 외1(건물위),태양광,299.7,2019-03-06,2019-06-18,2019-11-28
36.142796,128.227565,대성,경상북도 김천시 아포읍 제석리 1171,태양광,99.6,2019-03-07,2019-11-04,2019-11-28
36.169621,128.124005,제이에스,경상북도 김천시 어모면 남산리 1996(건물위),태양광,249.2,2019-03-19,2019-07-26,2019-11-28
36.230391,128.087351,에너원 김천제2태양광,경상북도 김천시 어모면 옥계리 524-3,태양광,98.8,2019-04-01,2019-06-17,2019-11-28
36.230391,128.087351,에너원 김천제1태양광,경상북도 김천시 어모면 옥계리 524-2,태양광,92.625,2019-04-01,2019-06-17,2019-11-28
36.090073,128.240481,청수그린필,경상북도 김천시 남면 송곡리 232-1번지 외2(건물위),태양광,90.09,2019-04-22,2019-09-09,2019-11-28
